{
  "project_info": {
    "project_number": "288594346299",
    "project_id": "aspirehomesakshi",
    "storage_bucket": "aspirehomesakshi.appspot.com"
  },
  "client": [
    {
      "client_info": {
        "mobilesdk_app_id": "1:288594346299:android:47d01e7bfd68e88e1bb71e",
        "android_client_info": {
          "package_name": "com.example.healthcare"
        }
      },
      "oauth_client": [
        {
          "client_id": "288594346299-ppehvij45chji2avcoucl5s1ulrlfhic.apps.googleusercontent.com",
          "client_type": 3
        }
      ],
      "api_key": [
        {
          "current_key": "AIzaSyA4n-K0yAfSY68e7twO6Yfon2AV3kyaNn8"
        }
      ],
      "services": {
        "appinvite_service": {
          "other_platform_oauth_client": [
            {
              "client_id": "288594346299-ppehvij45chji2avcoucl5s1ulrlfhic.apps.googleusercontent.com",
              "client_type": 3
            }
          ]
        }
      }
    }
  ],
  "configuration_version": "1"
}