{
  "project_info": {
    "project_number": "333878624471",
    "project_id": "aspirehomes-73274",
    "storage_bucket": "aspirehomes-73274.appspot.com"
  },
  "client": [
    {
      "client_info": {
        "mobilesdk_app_id": "1:333878624471:android:7931a95cf154e616ce3092",
        "android_client_info": {
          "package_name": "com.android.application"
        }
      },
      "oauth_client": [
        {
          "client_id": "333878624471-09fokmgao1g0coop1nol4kafchr680hu.apps.googleusercontent.com",
          "client_type": 3
        }
      ],
      "api_key": [
        {
          "current_key": "AIzaSyDTrRoPqCNnKG85qHMRry1puY17MwLiKkk"
        }
      ],
      "services": {
        "appinvite_service": {
          "other_platform_oauth_client": [
            {
              "client_id": "333878624471-09fokmgao1g0coop1nol4kafchr680hu.apps.googleusercontent.com",
              "client_type": 3
            }
          ]
        }
      }
    }
  ],
  "configuration_version": "1"
}